checkpoint_name,model_type,step,param_count,loss,perplexity,num_tokens_scored,elapsed_sec,loss_ci95_lower,loss_ci95_upper
grassmann,grassmann,9500,102471936,5.841297286928814,344.22561051744304,21370880,528.0883588040015,5.833352922452003,5.848321631704998
transformer,transformer,9500,111597440,6.123392236158502,456.410323049797,21370880,835.5789467920549,6.115192741125925,6.13012332844524
