checkpoint_name,model_type,step,param_count,heldout_rank,heldout_loss,heldout_perplexity,heldout_loss_ci95_lower,heldout_loss_ci95_upper,heldout_eval_sec,num_tokens_scored,best_context_len,best_context_loss,best_context_perplexity,worst_context_len,worst_context_loss,worst_context_perplexity,avg_greedy_generated_tokens,avg_greedy_tokens_per_sec,avg_stochastic_generated_tokens,avg_stochastic_tokens_per_sec,compared_against,loss_delta_vs_other,perplexity_delta_vs_other,eval_sec_delta_vs_other,best_context_loss_delta_vs_other,greedy_tokens_per_sec_delta_vs_other,stochastic_tokens_per_sec_delta_vs_other,wins_heldout_loss,wins_heldout_perplexity,wins_eval_speed
grassmann,grassmann,9500,102471936,1,5.841297286928814,344.22561051744304,5.833352922452003,5.848321631704998,528.0883588040015,21370880,1024,5.830210635555836,340.4303782622328,64,5.831754235165737,340.9562722417671,64.0,73.57281026481009,64.0,71.54458581600039,transformer,-0.2820949492296876,-112.18471253235396,-307.49058798805345,-0.2688100636605162,-123.73598182979136,-117.35037758629375,True,True,True
transformer,transformer,9500,111597440,2,6.123392236158502,456.410323049797,6.115192741125925,6.13012332844524,835.5789467920549,21370880,256,6.099020699216352,445.4213549446007,32,6.117960441380982,453.93791672144135,64.0,197.30879209460144,64.0,188.89496340229414,grassmann,0.2820949492296876,112.18471253235396,307.49058798805345,0.2688100636605162,123.73598182979136,117.35037758629375,False,False,False
